<?xml version="1.0"?>
<config xmlns:xsi="http://www.w3.org/2001/XMLSchema-instance" xsi:noNamespaceSchemaLocation="urn:magento:framework:ObjectManager/etc/config.xsd">
  <!-- <virtualType name="Magento\Catalog\Ui\DataProvider\Product\Form\Modifier\Pool">
       <arguments>
           <argument name="modifiers" xsi:type="array">
               <item name="styles" xsi:type="array">
                   <item name="class" xsi:type="string">Custom\ProductColor\Ui\Modifier\Product\Style</item>
                   <item name="sortOrder" xsi:type="number">25</item>
               </item>
           </argument>
       </arguments>
   </virtualType> -->
</config>